<?xml version="1.0" encoding="UTF-8"?>
<project-private xmlns="http://www.netbeans.org/ns/project-private/1">
    <editor-bookmarks xmlns="http://www.netbeans.org/ns/editor-bookmarks/2" lastBookmarkId="0"/>
    <open-files xmlns="http://www.netbeans.org/ns/projectui-open-files/2">
        <group>
            <file>file:/D:/Java%20Programming/PPE%20INVENTORY%20MANAGEMENT%20SYSTEM/src/GUI/HospitalManagementFrame.java</file>
            <file>file:/D:/Java%20Programming/PPE%20INVENTORY%20MANAGEMENT%20SYSTEM/src/GUI/Login.java</file>
            <file>file:/D:/Java%20Programming/PPE%20INVENTORY%20MANAGEMENT%20SYSTEM/src/GUI/InitialInventoryManagementFrame.java</file>
        </group>
    </open-files>
</project-private>
